letter,frequency,Altitude bin,color
100,2425,< 1000 ft,1
50,2193,< 1000 ft,1
10,1447,< 1000 ft,1
1500,1137,> 1000 ft<2000,2
2000,1124,> 1000 ft<2000,2
3000,1069,> 2000 ft<4000,3
4000,635,> 2000 ft<4000,4
3500,267,> 2000 ft<4000,3
5000,495,> 4000 ft,5
4500,148,> 1000 ft,5
5500,105,> 1000 ft,5
3700,100,> 1000 ft,4
3200,66,> 1000 ft,4
2100,66,> 1000 ft,3
